日期,股票代码,开盘,收盘,最高,最低,成交量,成交额,振幅,涨跌幅,涨跌额,换手率
2023-10-23,603273,20.1,22.88,25.0,20.1,372796,855255123.0,51.58,140.84,13.38,71.01
2023-10-24,603273,19.1,18.2,20.88,17.88,312328,594518405.0,13.11,-20.45,-4.68,59.49
2023-10-25,603273,20.5,33.01,45.48,20.5,443462,1171189972.0,137.25,81.37,14.81,84.47
2023-10-26,603273,30.11,49.75,53.88,30.04,433068,1721901183.0,72.22,50.71,16.74,82.49
2023-10-27,603273,46.0,40.0,52.06,36.01,373404,1674691660.0,32.26,-19.6,-9.75,71.12
2023-10-30,603273,36.0,36.0,36.6,36.0,52355,188511209.0,1.5,-10.0,-4.0,9.97
2023-10-31,603273,32.4,33.25,37.69,32.4,319582,1086400153.0,14.69,-7.64,-2.75,60.87
2023-11-01,603273,33.43,29.98,33.56,29.93,246635,762195686.0,10.92,-9.83,-3.27,46.98
2023-11-02,603273,29.83,27.92,30.0,27.51,225451,641520578.0,8.31,-6.87,-2.06,42.94
2023-11-03,603273,28.3,27.61,28.84,27.6,169165,474724451.0,4.44,-1.11,-0.31,32.22
2023-11-06,603273,27.69,28.3,29.1,27.66,153857,434494523.0,5.22,2.5,0.69,29.31
2023-11-07,603273,28.7,28.6,28.8,27.93,142988,404682887.0,3.07,1.06,0.3,27.23
2023-11-08,603273,29.17,30.27,31.0,29.01,247329,739657900.0,6.96,5.84,1.67,47.11
2023-11-09,603273,29.41,27.63,30.3,27.61,208864,602300170.0,8.89,-8.72,-2.64,39.78
2023-11-10,603273,27.01,30.39,30.39,26.33,174928,504356828.0,14.69,9.99,2.76,33.32
2023-11-13,603273,31.59,30.03,31.59,29.43,211376,640516259.0,7.11,-1.18,-0.36,40.26
2023-11-14,603273,29.88,29.2,30.13,29.0,138600,408169794.0,3.76,-2.76,-0.83,26.4
2023-11-15,603273,29.49,28.8,29.72,28.72,108831,316233256.0,3.42,-1.37,-0.4,20.73
2023-11-16,603273,28.6,28.02,29.07,27.86,95552,270490871.0,4.2,-2.71,-0.78,18.2
2023-11-17,603273,27.84,27.93,28.27,27.59,67371,187560048.0,2.43,-0.32,-0.09,12.83
2023-11-20,603273,28.18,28.15,28.18,27.88,57975,162637653.0,1.07,0.79,0.22,11.04
2023-11-21,603273,28.27,27.67,28.38,27.15,85381,237424560.0,4.37,-1.71,-0.48,16.26
2023-11-22,603273,27.99,30.44,30.44,27.94,199122,582089480.0,9.04,10.01,2.77,37.93
2023-11-23,603273,31.88,33.48,33.48,31.86,287613,956366198.0,5.32,9.99,3.04,54.78
2023-11-24,603273,32.59,30.13,33.1,30.13,288885,894783657.0,8.87,-10.01,-3.35,55.02
2023-11-27,603273,27.62,27.12,28.3,27.12,167689,460098117.0,3.92,-9.99,-3.01,31.94
2023-11-28,603273,26.2,26.65,27.12,25.62,119999,316502087.0,5.53,-1.73,-0.47,22.86
2023-11-29,603273,26.5,25.48,26.84,25.43,113403,294054927.0,5.29,-4.39,-1.17,21.6
2023-11-30,603273,25.1,24.91,25.57,24.53,92049,230168001.0,4.08,-2.24,-0.57,17.53
2023-12-01,603273,24.97,25.62,26.22,24.31,123099,314020773.0,7.67,2.85,0.71,23.45
2023-12-04,603273,25.29,25.74,26.29,25.27,101498,263078386.0,3.98,0.47,0.12,19.33
2023-12-05,603273,26.04,24.87,26.04,24.86,71053,178418553.0,4.58,-3.38,-0.87,13.53
2023-12-06,603273,24.68,24.62,25.16,24.54,58224,144335623.0,2.49,-1.01,-0.25,11.09
2023-12-07,603273,24.6,24.28,24.77,24.22,56857,139152751.0,2.23,-1.38,-0.34,10.83
2023-12-08,603273,24.29,24.0,24.5,24.0,46076,111618982.0,2.06,-1.15,-0.28,8.78
2023-12-11,603273,23.98,24.36,24.39,23.71,45524,109851902.0,2.83,1.5,0.36,8.67
2023-12-12,603273,24.3,24.2,24.47,24.12,36022,87429268.0,1.44,-0.66,-0.16,6.86
2023-12-13,603273,24.21,24.35,24.5,23.81,59792,144727451.0,2.85,0.62,0.15,11.39
2023-12-14,603273,24.35,23.14,24.43,22.92,90439,212237301.0,6.2,-4.97,-1.21,17.23
2023-12-15,603273,23.28,22.89,23.39,22.85,42333,97535496.0,2.33,-1.08,-0.25,8.06
2023-12-18,603273,22.73,22.61,23.05,22.6,29623,67475570.0,1.97,-1.22,-0.28,5.64
2023-12-19,603273,22.75,23.21,23.36,22.63,48123,111178770.0,3.23,2.65,0.6,9.17
2023-12-20,603273,23.65,25.53,25.53,23.65,106822,269927671.0,8.1,10.0,2.32,20.35
2023-12-21,603273,24.65,24.65,24.9,23.92,156848,382533980.0,3.84,-3.45,-0.88,29.87
2023-12-22,603273,24.64,25.49,27.08,24.09,206276,522462752.0,12.13,3.41,0.84,39.29
2023-12-25,603273,24.91,24.42,25.06,24.01,116961,285118328.0,4.12,-4.2,-1.07,22.28
2023-12-26,603273,24.11,24.56,24.92,23.31,88283,213983659.0,6.59,0.57,0.14,16.82
2023-12-27,603273,24.24,25.25,25.26,23.88,115761,287128595.0,5.62,2.81,0.69,22.05
2023-12-28,603273,25.2,25.33,25.83,24.65,119681,301381974.0,4.67,0.32,0.08,22.8
2023-12-29,603273,25.02,25.06,25.53,24.96,83511,210145922.0,2.25,-1.07,-0.27,15.91
2024-01-02,603273,24.95,25.27,25.43,24.88,68380,172616820.0,2.19,0.84,0.21,13.02
2024-01-03,603273,25.4,24.1,25.42,23.51,86370,210526965.0,7.56,-4.63,-1.17,16.45
2024-01-04,603273,24.4,26.51,26.51,24.2,175264,462318643.0,9.59,10.0,2.41,33.38
2024-01-05,603273,26.51,26.92,28.1,26.13,308767,839473578.0,7.43,1.55,0.41,58.81
2024-01-08,603273,26.08,26.02,27.47,25.64,158348,416528812.0,6.8,-3.34,-0.9,30.16
2024-01-09,603273,25.89,27.7,28.5,25.89,218084,598865733.0,10.03,6.46,1.68,41.54
2024-01-10,603273,26.77,28.48,29.33,26.77,215365,607028214.0,9.24,2.82,0.78,41.02
2024-01-11,603273,28.0,28.06,28.47,26.75,145789,403434139.0,6.04,-1.47,-0.42,27.77
2024-01-12,603273,27.5,28.42,28.88,26.88,161001,448868108.0,7.13,1.28,0.36,30.67
2024-01-15,603273,27.72,27.31,28.29,27.27,100223,277270707.0,3.59,-3.91,-1.11,19.09
2024-01-16,603273,27.09,25.68,27.1,24.8,132597,340547625.0,8.42,-5.97,-1.63,25.26
2024-01-17,603273,25.28,23.28,25.4,23.11,130369,310890515.0,8.92,-9.35,-2.4,24.83
2024-01-18,603273,22.8,22.46,22.93,21.93,87538,195605870.0,4.3,-3.52,-0.82,16.67
2024-01-19,603273,22.4,21.55,22.41,21.55,75181,164613123.0,3.83,-4.05,-0.91,14.32
2024-01-22,603273,21.5,20.23,21.6,20.0,73808,153198886.0,7.42,-6.13,-1.32,14.06
2024-01-23,603273,20.26,20.35,20.75,20.02,55104,112169953.0,3.61,0.59,0.12,10.5
2024-01-24,603273,20.4,20.6,20.76,19.6,70531,142886024.0,5.7,1.23,0.25,13.43
2024-01-25,603273,20.2,21.05,21.09,20.02,72503,150144953.0,5.19,2.18,0.45,13.81
2024-01-26,603273,21.06,20.78,21.49,20.62,65457,138006010.0,4.13,-1.28,-0.27,12.47
2024-01-29,603273,21.51,20.97,21.7,20.31,77798,163965223.0,6.69,0.91,0.19,14.82
2024-01-30,603273,20.34,19.01,20.48,18.93,75348,146617474.0,7.39,-9.35,-1.96,14.35
2024-01-31,603273,18.81,18.05,19.35,17.92,56489,104604522.0,7.52,-5.05,-0.96,10.76
2024-02-01,603273,18.0,17.57,18.05,17.37,47492,84055505.0,3.77,-2.66,-0.48,9.05
2024-02-02,603273,17.6,16.92,17.97,16.32,54689,93670957.0,9.39,-3.7,-0.65,10.42
2024-02-05,603273,16.91,15.23,16.91,15.23,49917,77503944.0,9.93,-9.99,-1.69,9.51
2024-02-06,603273,14.53,15.26,15.67,13.73,74108,108405288.0,12.74,0.2,0.03,14.12
2024-02-07,603273,15.3,14.55,15.49,14.18,71150,106327296.0,8.58,-4.65,-0.71,13.55
2024-02-08,603273,14.63,15.56,15.74,14.48,61347,92721126.0,8.66,6.94,1.01,11.68
2024-02-19,603273,15.68,16.36,16.38,15.68,58019,93456750.0,4.5,5.14,0.8,11.05
2024-02-20,603273,16.35,17.07,17.35,15.92,69595,116013189.0,8.74,4.34,0.71,13.26
2024-02-21,603273,16.81,17.12,17.66,16.66,81566,141083375.0,5.86,0.29,0.05,15.54
2024-02-22,603273,16.88,17.59,17.8,16.87,63648,110809368.0,5.43,2.75,0.47,12.12
2024-02-23,603273,17.59,18.52,18.95,17.5,96230,174804955.0,8.24,5.29,0.93,18.33
2024-02-26,603273,18.78,19.1,19.43,18.33,95941,181957907.0,5.94,3.13,0.58,18.27
2024-02-27,603273,18.87,19.52,19.52,18.76,69691,133969515.0,3.98,2.2,0.42,13.27
2024-02-28,603273,19.74,21.47,21.47,19.58,218322,453284204.0,9.68,9.99,1.95,41.58
2024-02-29,603273,22.0,23.62,23.62,21.6,237023,547028257.0,9.41,10.01,2.15,45.15
2024-03-01,603273,25.97,25.98,25.98,24.63,310513,798258535.0,5.72,9.99,2.36,59.14
2024-03-04,603273,25.0,28.58,28.58,24.99,307234,827573776.0,13.82,10.01,2.6,58.52
2024-03-05,603273,29.0,31.44,31.44,25.72,323218,923888036.0,20.01,10.01,2.86,61.56
2024-03-06,603273,34.3,34.58,34.58,32.78,233507,799623268.0,5.73,9.99,3.14,44.48
2024-03-07,603273,38.04,32.6,38.04,32.02,389609,1407193806.0,17.41,-5.73,-1.98,74.21
2024-03-08,603273,32.27,31.0,34.0,29.9,347342,1083422127.0,12.58,-4.91,-1.6,66.16
2024-03-11,603273,30.11,29.72,30.76,29.23,238954,711418603.0,4.94,-4.13,-1.28,45.51
2024-03-12,603273,29.65,29.62,30.29,29.24,205991,611659608.0,3.53,-0.34,-0.1,39.24
2024-03-13,603273,29.04,29.57,29.91,28.48,212031,616783853.0,4.83,-0.17,-0.05,40.39
2024-03-14,603273,29.65,27.48,29.8,26.92,199964,561978581.0,9.74,-7.07,-2.09,38.09
2024-03-15,603273,27.2,27.46,27.89,26.74,131058,359231226.0,4.18,-0.07,-0.02,24.96
2024-03-18,603273,27.8,28.06,28.1,27.46,125239,348509711.0,2.33,2.18,0.6,23.85
2024-03-19,603273,27.9,28.73,28.8,27.62,185162,525237716.0,4.21,2.39,0.67,35.27
2024-03-20,603273,28.5,28.36,29.18,28.2,142419,407599808.0,3.41,-1.29,-0.37,27.13
2024-03-21,603273,27.98,29.65,29.66,27.6,215978,621797035.0,7.26,4.55,1.29,41.14
2024-03-22,603273,29.64,27.8,29.64,27.78,172457,494674799.0,6.27,-6.24,-1.85,32.85
2024-03-25,603273,26.71,25.02,26.8,25.02,150342,385947287.0,6.4,-10.0,-2.78,28.64
2024-03-26,603273,24.51,24.65,24.88,24.2,89284,218926959.0,2.72,-1.48,-0.37,17.01
2024-03-27,603273,24.51,24.01,25.3,24.01,98203,244385829.0,5.23,-2.6,-0.64,18.7
2024-03-28,603273,23.96,24.37,24.84,23.9,84417,206069746.0,3.92,1.5,0.36,16.08
2024-03-29,603273,24.45,24.98,25.25,24.32,73572,182091508.0,3.82,2.5,0.61,14.01
2024-04-01,603273,25.08,25.03,25.4,24.7,61248,152735981.0,2.8,0.2,0.05,11.67
2024-04-02,603273,25.08,24.55,25.09,24.2,62903,154474961.0,3.56,-1.92,-0.48,11.98
2024-04-03,603273,24.45,24.0,24.51,23.93,44665,107949634.0,2.36,-2.24,-0.55,8.51
2024-04-08,603273,23.81,23.39,24.1,23.36,46812,110576925.0,3.08,-2.54,-0.61,8.92
2024-04-09,603273,23.58,23.7,23.7,23.06,35168,82400079.0,2.74,1.33,0.31,6.7
2024-04-10,603273,23.9,23.46,24.17,23.17,51921,122898425.0,4.22,-1.01,-0.24,9.89
2024-04-11,603273,23.1,24.2,24.39,23.03,80917,194245530.0,5.8,3.15,0.74,15.41
2024-04-12,603273,24.2,23.81,25.09,23.64,81413,196976175.0,5.99,-1.61,-0.39,15.51
2024-04-15,603273,23.95,24.07,25.25,23.93,94386,229848305.0,5.54,1.09,0.26,17.98
2024-04-16,603273,23.0,21.66,23.0,21.66,18637,40930116.0,5.57,-10.01,-2.41,3.55
2024-04-17,603273,19.49,21.43,22.14,19.49,109675,231368679.0,12.23,-1.06,-0.23,20.89
2024-04-18,603273,21.14,21.5,21.92,20.82,72667,156325347.0,5.13,0.33,0.07,13.84
2024-04-19,603273,21.3,20.85,21.43,20.5,56185,118068810.0,4.33,-3.02,-0.65,10.7
2024-04-22,603273,20.79,20.67,20.98,20.14,35653,73587187.0,4.03,-0.86,-0.18,6.79
2024-04-23,603273,20.62,20.62,20.93,20.3,30889,63958568.0,3.05,-0.24,-0.05,5.77
2024-04-24,603273,20.73,21.29,21.3,20.61,43275,91234138.0,3.35,3.25,0.67,8.08
2024-04-25,603273,21.2,20.97,21.43,20.81,39272,83008088.0,2.91,-1.5,-0.32,7.33
2024-04-26,603273,20.97,21.39,21.54,20.76,39407,83774682.0,3.72,2.0,0.42,7.35
2024-04-29,603273,21.4,22.22,22.3,21.4,55432,122014010.0,4.21,3.88,0.83,10.35
2024-04-30,603273,22.35,21.64,22.38,21.43,45590,99190541.0,4.28,-2.61,-0.58,8.51
2024-05-06,603273,21.95,22.4,22.4,21.91,45229,100624401.0,2.26,3.51,0.76,8.44
2024-05-07,603273,22.71,24.64,24.64,22.27,126694,300011606.0,10.58,10.0,2.24,23.65
2024-05-08,603273,25.0,24.19,25.63,23.96,201838,496547746.0,6.78,-1.83,-0.45,37.67
2024-05-09,603273,24.18,24.0,24.45,23.8,92450,222514814.0,2.69,-0.79,-0.19,17.26
2024-05-10,603273,24.12,23.31,24.12,23.14,77219,180702760.0,4.08,-2.88,-0.69,14.41
2024-05-13,603273,23.15,22.56,23.15,22.45,49720,112623543.0,3.0,-3.22,-0.75,9.28
2024-05-14,603273,22.89,22.89,23.09,22.68,42858,97958179.0,1.82,1.46,0.33,8.0
2024-05-15,603273,22.61,22.36,22.98,22.32,44409,100211874.0,2.88,-2.32,-0.53,8.29
2024-05-16,603273,22.54,23.15,23.31,22.4,67887,156060204.0,4.07,3.53,0.79,12.67
2024-05-17,603273,23.1,22.75,23.15,22.54,47646,108324232.0,2.63,-1.73,-0.4,8.89
2024-05-20,603273,22.83,22.7,23.13,22.62,41068,93678026.0,2.24,-0.22,-0.05,7.67
2024-05-21,603273,22.8,22.0,22.8,21.94,53714,118634244.0,3.79,-3.08,-0.7,10.03
2024-05-22,603273,21.8,22.1,22.16,21.72,33157,72976013.0,2.0,0.45,0.1,6.19
2024-05-23,603273,22.05,21.47,22.05,21.35,41956,90764435.0,3.17,-2.85,-0.63,7.83
2024-05-24,603273,21.3,20.74,21.51,20.7,36169,75937060.0,3.77,-3.4,-0.73,6.75
2024-05-27,603273,21.01,20.84,21.1,20.21,25394,52167377.0,4.29,0.48,0.1,4.74
2024-05-28,603273,20.79,20.45,20.84,20.43,21717,44647529.0,1.97,-1.87,-0.39,4.05
2024-05-29,603273,20.53,20.67,20.74,20.4,21716,44712551.0,1.66,1.08,0.22,4.05
2024-05-30,603273,20.74,20.7,21.2,20.37,30901,64061643.0,4.02,0.15,0.03,5.77
2024-05-31,603273,20.61,20.79,21.3,20.6,27733,58002305.0,3.38,0.43,0.09,5.18
2024-06-03,603273,20.6,20.08,20.77,19.99,28160,57155150.0,3.75,-3.42,-0.71,5.26
2024-06-04,603273,20.08,19.73,20.18,19.5,29335,57670924.0,3.39,-1.74,-0.35,5.48
2024-06-05,603273,19.7,19.23,19.85,19.23,23591,46059495.0,3.14,-2.53,-0.5,4.4
2024-06-06,603273,19.23,18.27,19.48,18.09,45194,83990359.0,7.23,-4.99,-0.96,8.44
2024-06-07,603273,18.4,18.72,18.85,18.4,27961,52127955.0,2.46,2.46,0.45,5.22
2024-06-11,603273,18.59,19.09,19.09,18.31,23912,44705261.0,4.17,1.98,0.37,4.46
2024-06-12,603273,18.94,19.39,19.5,18.81,24338,47028955.0,3.61,1.57,0.3,4.54
2024-06-13,603273,19.46,19.74,19.85,19.4,29680,58290617.0,2.32,1.81,0.35,5.54
2024-06-14,603273,19.74,19.45,19.74,19.26,26671,51747324.0,2.43,-1.47,-0.29,4.98
2024-06-17,603273,19.42,19.33,19.58,19.25,20101,38987526.0,1.7,-0.62,-0.12,3.75
2024-06-18,603273,19.34,19.63,19.66,19.31,24479,47897820.0,1.81,1.55,0.3,4.57
2024-06-19,603273,19.64,19.31,19.72,19.3,15671,30451051.0,2.14,-1.63,-0.32,2.92
2024-06-20,603273,19.1,18.74,19.42,18.7,22896,43450306.0,3.73,-2.95,-0.57,4.27
2024-06-21,603273,18.6,18.47,18.74,18.39,16193,30016841.0,1.87,-1.44,-0.27,3.02
2024-06-24,603273,18.22,17.53,18.36,17.5,23955,42743075.0,4.66,-5.09,-0.94,4.47
2024-06-25,603273,17.53,17.91,18.15,17.5,26061,46669313.0,3.71,2.17,0.38,4.86
2024-06-26,603273,17.9,18.46,18.46,17.55,24999,45356073.0,5.08,3.07,0.55,4.67
2024-06-27,603273,18.3,18.2,18.97,18.2,31924,59492007.0,4.17,-1.41,-0.26,5.96
2024-06-28,603273,18.05,18.35,18.68,18.02,23841,44001444.0,3.63,0.82,0.15,4.45
2024-07-01,603273,18.34,18.42,18.45,17.95,16918,30783401.0,2.72,0.38,0.07,3.16
2024-07-02,603273,18.39,18.08,18.4,18.01,14857,27055810.0,2.12,-1.85,-0.34,2.77
2024-07-03,603273,18.06,17.79,18.06,17.72,14293,25511551.0,1.88,-1.6,-0.29,2.67
2024-07-04,603273,17.99,17.09,17.99,17.05,25012,43352412.0,5.28,-3.93,-0.7,4.67
2024-07-05,603273,16.89,17.28,17.4,16.79,16227,27803750.0,3.57,1.11,0.19,3.03
2024-07-08,603273,17.25,16.75,17.25,16.61,17397,29252348.0,3.7,-3.07,-0.53,3.25
2024-07-09,603273,16.69,17.03,17.03,16.2,20654,34369497.0,4.96,1.67,0.28,3.85
2024-07-10,603273,16.88,16.95,17.23,16.79,12689,21624772.0,2.58,-0.47,-0.08,2.37
2024-07-11,603273,17.2,17.62,17.77,17.19,22389,39206845.0,3.42,3.95,0.67,4.18
2024-07-12,603273,17.5,17.38,17.74,17.37,14290,24991438.0,2.1,-1.36,-0.24,2.67
2024-07-15,603273,17.44,16.96,17.45,16.89,12409,21162099.0,3.22,-2.42,-0.42,2.32
2024-07-16,603273,17.0,16.78,17.1,16.7,12621,21237096.0,2.36,-1.06,-0.18,2.36
2024-07-17,603273,16.8,16.55,16.81,16.51,12635,20983930.0,1.79,-1.37,-0.23,2.36
2024-07-18,603273,16.41,16.55,16.63,16.03,18560,30255724.0,3.63,0.0,0.0,3.46
2024-07-19,603273,16.48,16.78,17.0,16.4,19044,31965778.0,3.63,1.39,0.23,3.55
2024-07-22,603273,16.84,16.91,17.04,16.72,13195,22316020.0,1.91,0.77,0.13,2.46
2024-07-23,603273,17.02,16.41,17.02,16.38,15711,26244450.0,3.78,-2.96,-0.5,2.93
2024-07-24,603273,16.6,16.4,16.64,16.13,23245,38181733.0,3.11,-0.06,-0.01,4.34
2024-07-25,603273,16.22,16.37,16.69,16.08,20228,33171284.0,3.72,-0.18,-0.03,3.78
2024-07-26,603273,16.5,17.0,17.1,16.37,27454,46285562.0,4.46,3.85,0.63,5.12
2024-07-29,603273,16.96,16.99,17.17,16.87,20537,34947389.0,1.76,-0.06,-0.01,3.83
2024-07-30,603273,17.0,17.12,17.15,16.75,16761,28506579.0,2.35,0.77,0.13,3.13
2024-07-31,603273,17.15,17.79,17.8,17.12,33569,59009420.0,3.97,3.91,0.67,6.27
2024-08-01,603273,17.79,17.8,17.95,17.69,24394,43465292.0,1.46,0.06,0.01,4.55
2024-08-02,603273,17.7,17.79,18.25,17.51,39767,71182734.0,4.16,-0.06,-0.01,7.42
2024-08-05,603273,17.6,17.51,18.68,17.41,51141,91832665.0,7.14,-1.57,-0.28,9.55
2024-08-06,603273,17.77,17.86,17.91,17.5,33972,60106841.0,2.34,2.0,0.35,6.34
2024-08-07,603273,17.92,17.39,17.92,17.36,26843,47210285.0,3.14,-2.63,-0.47,5.01
2024-08-08,603273,17.22,17.13,17.37,16.78,26740,45612771.0,3.39,-1.5,-0.26,4.99
2024-08-09,603273,17.19,16.77,17.35,16.77,15649,26650608.0,3.39,-2.1,-0.36,2.92
2024-08-12,603273,16.77,16.43,16.89,16.36,19548,32300147.0,3.16,-2.03,-0.34,3.65
2024-08-13,603273,16.5,16.54,16.56,16.2,12630,20696975.0,2.19,0.67,0.11,2.36
2024-08-14,603273,16.58,16.5,16.78,16.5,14136,23498789.0,1.69,-0.24,-0.04,2.64
2024-08-15,603273,16.43,16.48,16.68,16.21,18581,30593239.0,2.85,-0.12,-0.02,3.47
2024-08-16,603273,16.47,16.28,16.61,16.27,14101,23183203.0,2.06,-1.21,-0.2,2.63
2024-08-19,603273,16.35,15.93,16.35,15.91,17266,27753297.0,2.7,-2.15,-0.35,3.22
2024-08-20,603273,15.93,15.7,16.03,15.6,14054,22155971.0,2.7,-1.44,-0.23,2.62
2024-08-21,603273,15.69,15.77,15.88,15.6,11916,18774560.0,1.78,0.45,0.07,2.22
2024-08-22,603273,15.81,15.21,15.85,15.21,15280,23618738.0,4.06,-3.55,-0.56,2.85
2024-08-23,603273,15.25,15.28,15.34,15.02,15750,23936560.0,2.1,0.46,0.07,2.94
2024-08-26,603273,15.36,15.56,15.68,15.31,10347,16082870.0,2.42,1.83,0.28,1.93
2024-08-27,603273,15.47,15.09,15.54,15.04,12113,18483185.0,3.21,-3.02,-0.47,2.26
2024-08-28,603273,15.04,15.25,15.37,14.93,10849,16489091.0,2.92,1.06,0.16,2.02
2024-08-29,603273,15.25,15.59,15.7,15.1,18222,28288523.0,3.93,2.23,0.34,3.4
2024-08-30,603273,15.67,15.87,16.1,15.55,20684,32873474.0,3.53,1.8,0.28,3.86
2024-09-02,603273,15.91,15.4,15.97,15.36,15967,25049796.0,3.84,-2.96,-0.47,2.98
2024-09-03,603273,15.39,15.43,15.66,15.28,12836,19902753.0,2.47,0.19,0.03,2.4
2024-09-04,603273,15.3,15.49,15.6,15.15,14618,22540998.0,2.92,0.39,0.06,2.73
2024-09-05,603273,15.5,15.6,15.65,15.39,11905,18481792.0,1.68,0.71,0.11,2.22
2024-09-06,603273,15.65,14.95,15.65,14.94,18785,28500192.0,4.55,-4.17,-0.65,3.51
2024-09-09,603273,14.97,15.07,15.1,14.68,12021,17985974.0,2.81,0.8,0.12,2.24
2024-09-10,603273,15.03,16.58,16.58,14.97,40556,64929183.0,10.68,10.02,1.51,7.57
2024-09-11,603273,16.87,16.13,16.9,15.99,76392,124221683.0,5.49,-2.71,-0.45,14.26
2024-09-12,603273,16.03,16.25,16.56,16.03,49622,81087700.0,3.29,0.74,0.12,9.26
2024-09-13,603273,16.21,15.87,16.38,15.82,33799,54265414.0,3.45,-2.34,-0.38,6.31
2024-09-18,603273,16.04,15.81,16.09,15.41,23254,36536430.0,4.28,-0.38,-0.06,4.34
2024-09-19,603273,15.81,15.95,16.05,15.69,30070,47949236.0,2.28,0.89,0.14,5.61
2024-09-20,603273,15.99,15.71,16.04,15.59,24585,38738320.0,2.82,-1.5,-0.24,4.59
2024-09-23,603273,15.6,15.87,15.92,15.45,20318,31916835.0,2.99,1.02,0.16,3.79
2024-09-24,603273,15.87,16.28,16.29,15.68,38558,61990775.0,3.84,2.58,0.41,7.2
2024-09-25,603273,16.35,16.37,16.77,16.35,45127,74663308.0,2.58,0.55,0.09,8.42
2024-09-26,603273,16.3,16.79,16.79,16.24,37442,62166752.0,3.36,2.57,0.42,6.99
2024-09-27,603273,17.12,17.62,17.65,16.95,38769,67104102.0,4.17,4.94,0.83,7.24
2024-09-30,603273,18.47,19.3,19.32,17.83,98276,183778777.0,8.46,9.53,1.68,18.34
2024-10-08,603273,21.23,20.76,21.23,19.36,116573,236910927.0,9.69,7.56,1.46,21.76
2024-10-09,603273,20.18,18.68,20.18,18.68,79120,152950535.0,7.23,-10.02,-2.08,14.77
2024-10-10,603273,18.65,18.45,19.15,18.1,47068,87952895.0,5.62,-1.23,-0.23,8.78
2024-10-11,603273,18.4,17.96,18.78,17.5,38214,69456826.0,6.94,-2.66,-0.49,7.13
2024-10-14,603273,17.96,18.35,18.4,17.72,29040,52569139.0,3.79,2.17,0.39,5.42
2024-10-15,603273,18.28,17.85,18.55,17.82,28761,52280871.0,3.98,-2.72,-0.5,5.37
2024-10-16,603273,17.65,17.69,17.98,17.5,24936,44190829.0,2.69,-0.9,-0.16,4.65
2024-10-17,603273,17.82,17.69,18.19,17.68,29146,52315254.0,2.88,0.0,0.0,5.44
2024-10-18,603273,17.7,18.02,18.22,17.56,38136,68332596.0,3.73,1.87,0.33,7.12
2024-10-21,603273,18.18,18.17,18.3,17.93,38780,70274429.0,2.05,0.83,0.15,7.24
2024-10-22,603273,18.03,18.26,18.44,17.96,38338,69880811.0,2.64,0.5,0.09,7.16
2024-10-23,603273,18.21,18.4,18.59,18.1,39182,72024045.0,2.68,0.77,0.14,6.99
2024-10-24,603273,18.3,18.15,18.4,18.06,24105,43824638.0,1.85,-1.36,-0.25,4.3
2024-10-25,603273,18.15,18.48,18.59,18.15,36601,67464901.0,2.42,1.82,0.33,6.53
2024-10-28,603273,18.48,18.75,18.85,18.48,37231,69521404.0,2.0,1.46,0.27,6.64
2024-10-29,603273,18.72,17.84,18.76,17.8,52156,94753510.0,5.12,-4.85,-0.91,9.3
2024-10-30,603273,17.92,17.96,18.2,17.7,24935,44714597.0,2.8,0.67,0.12,4.45
2024-10-31,603273,17.75,17.87,18.03,17.75,38666,69062784.0,1.56,-0.5,-0.09,6.9
2024-11-01,603273,17.87,17.1,17.87,16.96,37477,64888500.0,5.09,-4.31,-0.77,6.69
2024-11-04,603273,17.26,17.79,17.82,17.16,28907,51016339.0,3.86,4.04,0.69,5.16
2024-11-05,603273,17.79,18.86,19.2,17.7,84019,156256274.0,8.43,6.01,1.07,14.99
2024-11-06,603273,18.62,18.52,18.81,18.32,55962,103932628.0,2.6,-1.8,-0.34,9.98
2024-11-07,603273,18.4,18.71,18.71,18.36,39807,74131127.0,1.89,1.03,0.19,7.1
2024-11-08,603273,18.75,19.18,19.35,18.63,70296,133248581.0,3.85,2.51,0.47,12.54
2024-11-11,603273,19.28,19.36,19.44,19.04,63317,122023372.0,2.09,0.94,0.18,11.29
2024-11-12,603273,19.36,18.95,19.46,18.8,48036,91851817.0,3.41,-2.12,-0.41,8.57
2024-11-13,603273,18.95,19.02,19.06,18.5,30887,58129816.0,2.96,0.37,0.07,5.51
2024-11-14,603273,18.98,18.56,19.18,18.43,26042,48905375.0,3.94,-2.42,-0.46,4.65
2024-11-15,603273,18.31,18.04,18.68,18.01,25857,47351082.0,3.61,-2.8,-0.52,4.61
2024-11-18,603273,18.04,17.57,18.2,17.4,21757,38544728.0,4.43,-2.61,-0.47,3.88
2024-11-19,603273,17.62,18.51,18.52,17.62,35731,64703972.0,5.12,5.35,0.94,6.37
2024-11-20,603273,18.52,18.99,19.09,18.47,40988,77316362.0,3.35,2.59,0.48,7.31
2024-11-21,603273,18.99,19.26,19.89,18.9,72503,140914024.0,5.21,1.42,0.27,12.93
2024-11-22,603273,19.28,18.29,19.32,18.25,46306,87302686.0,5.56,-5.04,-0.97,8.26
2024-11-25,603273,18.26,18.69,18.69,18.2,27950,51608743.0,2.68,2.19,0.4,4.99
2024-11-26,603273,18.7,18.15,18.78,18.08,29003,53207794.0,3.75,-2.89,-0.54,5.17
2024-11-27,603273,18.16,18.64,18.64,17.71,31390,57374350.0,5.12,2.7,0.49,5.6
2024-11-28,603273,18.83,18.6,18.87,18.51,25990,48462341.0,1.93,-0.21,-0.04,4.64
2024-11-29,603273,18.65,18.77,18.88,18.31,30951,57740597.0,3.06,0.91,0.17,5.52
2024-12-02,603273,18.95,19.02,19.16,18.73,36348,68854993.0,2.29,1.33,0.25,6.48
2024-12-03,603273,19.03,19.04,19.16,18.8,32040,60828375.0,1.89,0.11,0.02,5.72
2024-12-04,603273,19.04,18.99,19.6,18.9,79614,153446505.0,3.68,-0.26,-0.05,14.2
2024-12-05,603273,18.83,19.16,19.29,18.77,45783,87627423.0,2.74,0.9,0.17,8.17
2024-12-06,603273,19.19,19.21,19.3,18.82,45859,87504257.0,2.51,0.26,0.05,8.18
2024-12-09,603273,19.29,19.62,19.84,19.12,65611,128233492.0,3.75,2.13,0.41,11.7
2024-12-10,603273,20.01,19.49,20.1,19.4,66978,131986629.0,3.57,-0.66,-0.13,11.95
2024-12-11,603273,19.51,19.38,19.52,19.24,35907,69513869.0,1.44,-0.56,-0.11,6.41
2024-12-12,603273,19.38,19.28,19.39,19.05,32570,62617476.0,1.75,-0.52,-0.1,5.81
2024-12-13,603273,19.2,18.97,19.48,18.91,35489,67981434.0,2.96,-1.61,-0.31,6.33
2024-12-16,603273,18.88,20.87,20.87,18.88,108086,223126497.0,10.49,10.02,1.9,19.28
2024-12-17,603273,20.9,20.93,22.2,20.78,263352,563598614.0,6.8,0.29,0.06,46.98
2024-12-18,603273,20.82,21.92,21.92,20.41,197492,419578967.0,7.21,4.73,0.99,35.23
2024-12-19,603273,21.5,20.34,21.5,20.27,136730,282758910.0,5.61,-7.21,-1.58,24.39
2024-12-20,603273,20.38,20.61,20.93,20.27,89264,184145477.0,3.24,1.33,0.27,15.92
2024-12-23,603273,20.64,18.6,20.69,18.55,112616,218634261.0,10.38,-9.75,-2.01,20.09
2024-12-24,603273,18.4,18.25,18.73,17.6,84090,151491066.0,6.08,-1.88,-0.35,15.0
2024-12-25,603273,18.08,17.28,18.08,17.01,63641,110600360.0,5.86,-5.32,-0.97,11.35
2024-12-26,603273,17.1,17.6,17.85,17.1,42251,74248248.0,4.34,1.85,0.32,7.54
2024-12-27,603273,17.75,17.67,17.9,17.47,40461,71872188.0,2.44,0.4,0.07,7.22
2024-12-30,603273,17.69,17.29,17.7,17.2,33213,57685471.0,2.83,-2.15,-0.38,5.92
2024-12-31,603273,17.29,16.52,17.38,16.52,39156,65865930.0,4.97,-4.45,-0.77,6.98
2025-01-02,603273,16.55,16.2,16.81,16.03,31850,52200679.0,4.72,-1.94,-0.32,5.68
2025-01-03,603273,16.24,15.35,16.35,15.31,33946,53320325.0,6.42,-5.25,-0.85,6.06
2025-01-06,603273,15.36,15.74,15.76,15.0,31915,49528160.0,4.95,2.54,0.39,5.69
2025-01-07,603273,15.74,16.34,16.34,15.67,33951,54399947.0,4.26,3.81,0.6,6.06
2025-01-08,603273,16.25,16.02,16.34,15.53,35591,56822608.0,4.96,-1.96,-0.32,6.35
2025-01-09,603273,15.88,16.0,16.18,15.82,22878,36634529.0,2.25,-0.12,-0.02,4.08
2025-01-10,603273,16.0,15.41,16.04,15.41,25540,40112646.0,3.94,-3.69,-0.59,4.56
2025-01-13,603273,15.28,15.63,15.7,15.09,18548,28667771.0,3.96,1.43,0.22,3.31
2025-01-14,603273,15.7,16.29,16.33,15.69,35250,56706989.0,4.09,4.22,0.66,6.29
2025-01-15,603273,16.3,16.44,16.99,16.16,38084,63019486.0,5.1,0.92,0.15,6.79
2025-01-16,603273,16.45,16.96,17.17,16.42,55168,92958019.0,4.56,3.16,0.52,9.84
2025-01-17,603273,16.79,16.9,17.1,16.54,34038,57235773.0,3.3,-0.35,-0.06,6.07
2025-01-20,603273,17.05,17.2,17.45,17.05,69732,119950457.0,2.37,1.78,0.3,12.44
2025-01-21,603273,17.11,16.73,17.2,16.53,38169,63990290.0,3.9,-2.73,-0.47,6.81
2025-01-22,603273,16.6,16.57,16.81,16.5,21318,35403764.0,1.85,-0.96,-0.16,3.8
2025-01-23,603273,16.69,17.15,18.23,16.61,84919,147959971.0,9.78,3.5,0.58,15.15
2025-01-24,603273,16.79,17.15,17.4,16.78,47573,81631462.0,3.62,0.0,0.0,8.49
2025-01-27,603273,17.32,16.78,17.39,16.59,35844,60842704.0,4.66,-2.16,-0.37,6.39
2025-02-05,603273,16.99,18.46,18.46,16.78,98483,175001256.0,10.01,10.01,1.68,17.57
2025-02-06,603273,18.0,18.27,18.5,18.0,108459,197678528.0,2.71,-1.03,-0.19,19.35
2025-02-07,603273,18.13,18.33,18.57,18.09,80425,147261317.0,2.63,0.33,0.06,14.35
2025-02-10,603273,18.15,18.72,18.72,18.15,75094,138716914.0,3.11,2.13,0.39,13.4
2025-02-11,603273,18.57,18.49,18.72,18.33,51930,95966561.0,2.08,-1.23,-0.23,9.26
2025-02-12,603273,18.36,18.53,18.64,18.22,46189,84962948.0,2.27,0.22,0.04,8.24
2025-02-13,603273,18.46,18.68,18.88,18.31,61621,114865462.0,3.08,0.81,0.15,10.99
2025-02-14,603273,18.55,18.33,18.8,18.27,47466,87634655.0,2.84,-1.87,-0.35,8.47
2025-02-17,603273,18.25,18.49,18.69,18.19,46727,85903282.0,2.73,0.87,0.16,8.34
2025-02-18,603273,18.5,17.8,18.65,17.77,40958,74391998.0,4.76,-3.73,-0.69,7.31
2025-02-19,603273,17.91,18.58,18.6,17.91,59447,109636758.0,3.88,4.38,0.78,10.6
2025-02-20,603273,18.5,18.8,18.8,18.17,56060,104705673.0,3.39,1.18,0.22,10.0
2025-02-21,603273,18.8,18.77,19.08,18.7,64100,120670014.0,2.02,-0.16,-0.03,11.43
2025-02-24,603273,18.7,18.78,18.96,18.4,48652,90788915.0,2.98,0.05,0.01,8.68
2025-02-25,603273,18.56,18.69,18.98,18.46,43884,82545317.0,2.77,-0.48,-0.09,7.83
2025-02-26,603273,18.69,18.76,18.85,18.53,34924,65297077.0,1.71,0.37,0.07,6.23
2025-02-27,603273,18.76,18.58,18.88,18.11,39082,72207033.0,4.1,-0.96,-0.18,6.97
2025-02-28,603273,18.6,17.68,18.86,17.61,42362,76968292.0,6.73,-4.84,-0.9,7.56
2025-03-03,603273,18.0,17.9,18.39,17.73,32735,59266385.0,3.73,1.24,0.22,5.84
2025-03-04,603273,17.95,18.49,18.58,17.88,34836,63799725.0,3.91,3.3,0.59,6.21
2025-03-05,603273,18.49,19.02,19.89,18.38,93510,178558012.0,8.17,2.87,0.53,16.68
2025-03-06,603273,18.8,18.89,19.13,18.73,71619,135455531.0,2.1,-0.68,-0.13,12.78
2025-03-07,603273,18.89,18.72,19.12,18.64,45912,86418214.0,2.54,-0.9,-0.17,8.19
2025-03-10,603273,18.72,18.83,18.94,18.66,28572,53711800.0,1.5,0.59,0.11,5.1
2025-03-11,603273,18.5,18.86,18.91,18.4,39600,73901771.0,2.71,0.16,0.03,7.06
2025-03-12,603273,18.81,18.61,18.99,18.6,31862,59690711.0,2.07,-1.33,-0.25,5.68
2025-03-13,603273,18.6,18.23,18.65,18.0,32730,59716804.0,3.49,-2.04,-0.38,5.84
2025-03-14,603273,18.1,18.37,18.51,17.93,27198,49602096.0,3.18,0.77,0.14,4.85
2025-03-17,603273,18.46,18.48,18.54,18.27,22684,41717111.0,1.47,0.6,0.11,4.05
2025-03-18,603273,18.48,18.56,18.66,18.37,19951,36927050.0,1.57,0.43,0.08,3.56
2025-03-19,603273,18.7,19.14,20.37,18.56,109652,213521662.0,9.75,3.13,0.58,19.56
2025-03-20,603273,19.2,19.36,19.8,19.18,101195,197373606.0,3.24,1.15,0.22,18.05
2025-03-21,603273,19.1,19.6,19.89,19.1,99329,195076142.0,4.08,1.24,0.24,17.72
2025-03-24,603273,19.7,18.65,19.7,17.91,80593,151045266.0,9.13,-4.85,-0.95,14.38
2025-03-25,603273,18.42,18.46,18.79,18.13,37411,69059685.0,3.54,-1.02,-0.19,6.67
2025-03-26,603273,18.46,18.67,18.83,18.28,32999,61449495.0,2.98,1.14,0.21,5.89
2025-03-27,603273,18.66,18.02,18.66,17.94,38343,69520600.0,3.86,-3.48,-0.65,6.84
2025-03-28,603273,18.02,18.2,18.5,17.91,25645,46457712.0,3.27,1.0,0.18,4.57
2025-03-31,603273,17.99,17.16,17.99,16.95,44659,77294510.0,5.71,-5.71,-1.04,7.97
2025-04-01,603273,17.15,17.33,17.59,17.15,23207,40413860.0,2.56,0.99,0.17,4.14
2025-04-02,603273,17.35,17.29,17.5,17.1,15297,26527106.0,2.31,-0.23,-0.04,2.73
2025-04-03,603273,17.24,16.88,17.31,16.74,26202,44551563.0,3.3,-2.37,-0.41,4.67
2025-04-07,603273,16.4,15.19,16.4,15.19,27880,42782906.0,7.17,-10.01,-1.69,4.97
2025-04-08,603273,15.0,14.66,15.2,14.27,40466,59556375.0,6.12,-3.49,-0.53,7.22
2025-04-09,603273,14.5,15.06,15.14,13.38,33597,48307845.0,12.01,2.73,0.4,5.99
2025-04-10,603273,15.15,15.44,15.68,15.15,28624,44380609.0,3.52,2.52,0.38,5.11
2025-04-11,603273,15.13,15.53,15.67,15.13,18869,29349194.0,3.5,0.58,0.09,3.37
2025-04-14,603273,15.69,16.1,16.35,15.67,28932,46206225.0,4.38,3.67,0.57,5.16
2025-04-15,603273,16.07,16.65,16.78,15.95,37877,62196056.0,5.16,3.42,0.55,6.76
2025-04-16,603273,16.5,16.47,17.0,16.26,30158,50049636.0,4.44,-1.08,-0.18,5.38
2025-04-17,603273,16.3,16.63,16.71,16.3,18911,31418663.0,2.49,0.97,0.16,3.37
2025-04-18,603273,16.55,16.58,16.75,16.41,13016,21537416.0,2.04,-0.3,-0.05,2.32
2025-04-21,603273,16.58,16.54,16.68,16.3,23008,37879767.0,2.29,-0.24,-0.04,4.1
2025-04-22,603273,16.5,16.46,16.9,16.42,20043,33412637.0,2.9,-0.48,-0.08,3.58
2025-04-23,603273,16.66,16.88,17.04,16.4,48820,81763384.0,3.89,2.55,0.42,8.71
2025-04-24,603273,16.79,17.39,17.56,16.6,65500,111630545.0,5.69,3.02,0.51,11.68
2025-04-25,603273,17.4,19.13,19.13,17.4,145310,274218008.0,9.95,10.01,1.74,25.92
2025-04-28,603273,18.36,17.22,18.7,17.22,156290,275648582.0,7.74,-9.98,-1.91,27.88
2025-04-29,603273,16.7,16.97,17.25,16.7,58743,99737048.0,3.19,-1.45,-0.25,10.48
2025-04-30,603273,17.09,16.68,17.09,16.68,43575,73217685.0,2.42,-1.71,-0.29,7.77
2025-05-06,603273,16.76,17.32,17.33,16.7,47203,80645226.0,3.78,3.84,0.64,8.42
2025-05-07,603273,17.53,17.48,17.56,17.21,44640,77552301.0,2.02,0.92,0.16,7.96
2025-05-08,603273,17.41,17.67,17.72,17.36,34220,60141234.0,2.06,1.09,0.19,6.1
2025-05-09,603273,17.67,17.5,17.69,17.37,24506,42886773.0,1.81,-0.96,-0.17,4.37
2025-05-12,603273,17.69,17.61,17.69,17.47,24462,42982966.0,1.26,0.63,0.11,4.36
2025-05-13,603273,17.79,17.45,17.82,17.36,22446,39467322.0,2.61,-0.91,-0.16,4.0
2025-05-14,603273,17.36,17.45,17.51,17.17,25516,44208984.0,1.95,0.0,0.0,4.55
2025-05-15,603273,17.47,17.12,17.47,17.11,21386,36817011.0,2.06,-1.89,-0.33,3.81
2025-05-16,603273,17.14,17.21,17.39,17.08,17522,30299219.0,1.81,0.53,0.09,3.13
2025-05-19,603273,17.25,17.14,17.25,16.81,18081,30763874.0,2.56,-0.41,-0.07,3.23
2025-05-20,603273,17.15,17.43,17.44,16.95,22067,38161335.0,2.86,1.69,0.29,3.94
2025-05-21,603273,17.43,17.9,18.49,17.06,96671,173221676.0,8.2,2.7,0.47,17.24
2025-05-22,603273,17.9,17.88,18.32,17.77,55711,100305621.0,3.07,-0.11,-0.02,9.94
2025-05-23,603273,17.73,18.51,19.67,17.73,196969,374059961.0,10.85,3.52,0.63,35.14
2025-05-26,603273,17.9,18.47,18.49,17.55,144137,259489870.0,5.08,-0.22,-0.04,25.71
2025-05-27,603273,18.32,18.37,18.46,17.89,77799,141194244.0,3.09,-0.54,-0.1,13.88
2025-05-28,603273,18.37,18.19,18.4,18.02,50540,91863806.0,2.07,-0.98,-0.18,9.02
2025-05-29,603273,18.22,18.25,18.5,18.1,61284,112150607.0,2.2,0.33,0.06,10.93
2025-05-30,603273,18.23,17.69,18.23,17.65,45277,80839364.0,3.18,-3.07,-0.56,8.08
2025-06-03,603273,17.6,17.68,17.86,17.5,31018,54927619.0,2.04,-0.06,-0.01,5.53
2025-06-04,603273,17.68,17.78,17.79,17.5,28777,50896890.0,1.64,0.57,0.1,5.13
2025-06-05,603273,17.7,18.08,18.3,17.55,56927,102729178.0,4.22,1.69,0.3,10.15
2025-06-06,603273,18.0,18.05,18.18,17.9,25405,45728786.0,1.55,-0.17,-0.03,4.53
2025-06-09,603273,18.19,18.14,18.28,17.99,28973,52458328.0,1.61,0.5,0.09,5.17
2025-06-10,603273,18.08,18.3,18.54,18.0,60931,111220730.0,2.98,0.88,0.16,10.87
2025-06-11,603273,18.33,18.26,18.46,18.19,40056,73285098.0,1.48,-0.22,-0.04,7.15
2025-06-12,603273,18.19,18.13,18.26,17.95,32935,59567991.0,1.7,-0.71,-0.13,5.88
2025-06-13,603273,18.09,17.3,18.1,17.23,45786,80556491.0,4.8,-4.58,-0.83,8.17
2025-06-16,603273,17.3,17.38,17.63,17.28,23618,41241300.0,2.02,0.46,0.08,4.21
2025-06-17,603273,17.45,17.04,17.48,16.98,31103,53317012.0,2.88,-1.96,-0.34,5.55
2025-06-18,603273,16.95,16.84,17.06,16.72,25171,42433165.0,2.0,-1.17,-0.2,4.49
2025-06-19,603273,16.84,16.42,16.93,16.37,24026,39872272.0,3.33,-2.49,-0.42,4.29
2025-06-20,603273,16.49,16.23,16.63,16.23,15938,26097062.0,2.44,-1.16,-0.19,2.84
2025-06-23,603273,16.15,16.44,16.53,16.1,16775,27482875.0,2.65,1.29,0.21,2.99
2025-06-24,603273,16.53,16.98,16.99,16.53,22514,37926203.0,2.8,3.28,0.54,4.02
2025-06-25,603273,17.05,17.03,17.1,16.8,23042,39074806.0,1.77,0.29,0.05,4.11
2025-06-26,603273,17.08,16.92,17.29,16.88,21516,36643986.0,2.41,-0.65,-0.11,3.84
2025-06-27,603273,16.93,17.07,17.15,16.9,16921,28788790.0,1.48,0.89,0.15,3.02
2025-06-30,603273,17.18,17.32,17.34,17.06,18793,32423923.0,1.64,1.46,0.25,3.35
2025-07-01,603273,17.32,17.23,17.32,17.01,15868,27246358.0,1.79,-0.52,-0.09,2.83
2025-07-02,603273,17.23,17.35,17.5,17.17,24968,43353273.0,1.92,0.7,0.12,4.45
2025-07-03,603273,17.26,17.38,17.46,17.22,14656,25435914.0,1.38,0.17,0.03,2.61
2025-07-04,603273,17.39,17.17,17.46,17.15,17406,30005919.0,1.78,-1.21,-0.21,3.1
2025-07-07,603273,17.17,17.52,17.52,17.05,20671,35894491.0,2.74,2.04,0.35,3.69
2025-07-08,603273,17.55,17.69,17.8,17.48,23892,42109998.0,1.83,0.97,0.17,4.26
2025-07-09,603273,17.64,17.55,17.84,17.52,22657,40054105.0,1.81,-0.79,-0.14,4.04
2025-07-10,603273,17.45,17.68,18.38,17.42,36113,64201837.0,5.47,0.74,0.13,6.44
2025-07-11,603273,17.73,17.6,17.74,17.46,23438,41178005.0,1.58,-0.45,-0.08,4.18
2025-07-14,603273,17.59,17.82,17.87,17.58,18129,32240420.0,1.65,1.25,0.22,3.23
2025-07-15,603273,17.81,18.01,18.03,17.48,33452,59420223.0,3.09,1.07,0.19,5.97
2025-07-16,603273,17.95,17.92,18.12,17.84,25925,46570658.0,1.55,-0.5,-0.09,4.62
2025-07-17,603273,17.87,17.95,18.03,17.84,18208,32654900.0,1.06,0.17,0.03,3.25
2025-07-18,603273,17.97,18.21,18.3,17.8,39936,72292775.0,2.79,1.45,0.26,7.12
2025-07-21,603273,18.6,18.88,18.94,18.31,72325,135269303.0,3.46,3.68,0.67,12.9
2025-07-22,603273,19.0,19.03,19.26,18.68,81377,153828659.0,3.07,0.79,0.15,14.52
2025-07-23,603273,19.03,18.56,19.15,18.52,67835,127118936.0,3.31,-2.47,-0.47,12.1
2025-07-24,603273,18.69,18.81,18.99,18.43,46487,87125629.0,3.02,1.35,0.25,8.29
2025-07-25,603273,18.86,18.56,19.3,18.56,45412,85298234.0,3.93,-1.33,-0.25,8.1
2025-07-28,603273,18.73,19.01,20.42,18.73,107778,207252131.0,9.11,2.42,0.45,19.23
2025-07-29,603273,19.01,19.08,19.41,18.62,87147,165327689.0,4.16,0.37,0.07,15.55
2025-07-30,603273,19.1,19.17,19.29,18.63,79889,151733305.0,3.46,0.47,0.09,14.25
2025-07-31,603273,19.0,21.09,21.09,18.94,217967,455236561.0,11.22,10.02,1.92,38.88
2025-08-01,603273,20.5,19.96,20.94,19.77,249713,507498053.0,5.55,-5.36,-1.13,44.55
2025-08-04,603273,19.87,20.11,20.35,19.83,133634,268464447.0,2.61,0.75,0.15,23.84
2025-08-05,603273,19.95,20.58,20.59,19.58,163136,327615421.0,5.02,2.34,0.47,29.1
2025-08-06,603273,20.58,20.28,20.58,20.12,118137,240517887.0,2.24,-1.46,-0.3,21.07
2025-08-07,603273,20.36,20.12,20.36,19.84,79655,159363772.0,2.56,-0.79,-0.16,14.21
2025-08-08,603273,19.95,19.88,20.42,19.64,70262,140102348.0,3.88,-1.19,-0.24,12.53
2025-08-11,603273,19.96,20.11,20.17,19.78,68975,137926052.0,1.96,1.16,0.23,12.3
2025-08-12,603273,20.0,19.82,20.24,19.66,56967,113148104.0,2.88,-1.44,-0.29,10.16
2025-08-13,603273,20.33,21.8,21.8,20.33,189898,404714051.0,7.42,9.99,1.98,33.88
2025-08-14,603273,22.0,22.49,23.98,21.96,351852,817986193.0,9.27,3.17,0.69,62.77
2025-08-15,603273,21.57,22.76,23.22,21.57,231731,519802369.0,7.34,1.2,0.27,41.34
2025-08-18,603273,22.54,22.63,22.77,21.82,176378,394960448.0,4.17,-0.57,-0.13,31.46
2025-08-19,603273,22.38,23.48,23.9,21.65,203714,460848376.0,9.94,3.76,0.85,36.34
2025-08-20,603273,23.02,22.94,23.47,22.62,120502,277381197.0,3.62,-2.3,-0.54,21.5
2025-08-21,603273,22.75,22.28,22.77,22.01,79975,178455832.0,3.31,-2.88,-0.66,14.27
2025-08-22,603273,22.35,22.51,22.54,22.05,63705,142540170.0,2.2,1.03,0.23,11.36
2025-08-25,603273,22.49,22.86,22.99,22.21,84039,190058950.0,3.47,1.55,0.35,14.99
2025-08-26,603273,22.87,22.32,22.87,22.28,57852,129980480.0,2.58,-2.36,-0.54,10.32
2025-08-27,603273,22.15,20.75,22.16,20.63,112160,240600819.0,6.85,-7.03,-1.57,20.01
2025-08-28,603273,20.5,20.35,20.98,19.58,77190,156369565.0,6.75,-1.93,-0.4,13.77
2025-08-29,603273,20.23,20.02,20.44,19.92,43302,87102053.0,2.56,-1.62,-0.33,7.72
2025-09-01,603273,20.02,20.28,20.34,20.01,37273,75190405.0,1.65,1.3,0.26,6.65
2025-09-02,603273,20.35,20.61,20.73,19.71,60536,122498207.0,5.03,1.63,0.33,10.8
2025-09-03,603273,20.55,19.81,20.72,19.75,33790,68165664.0,4.71,-3.88,-0.8,6.03
2025-09-04,603273,19.8,19.65,20.17,19.26,28765,56850174.0,4.59,-0.81,-0.16,5.13
2025-09-05,603273,19.64,20.17,20.23,19.58,28292,56682829.0,3.31,2.65,0.52,5.05
2025-09-08,603273,20.16,20.31,20.38,20.06,25521,51662697.0,1.59,0.69,0.14,4.55
2025-09-09,603273,20.33,20.13,20.43,20.06,22378,45133335.0,1.82,-0.89,-0.18,3.99
2025-09-10,603273,20.16,20.26,20.29,20.08,20583,41562225.0,1.04,0.65,0.13,3.67
2025-09-11,603273,20.22,20.24,20.27,19.86,29046,58363565.0,2.02,-0.1,-0.02,5.18
2025-09-12,603273,20.24,19.97,20.29,19.93,27132,54400269.0,1.78,-1.33,-0.27,4.84
2025-09-15,603273,20.02,19.78,20.03,19.78,19555,38855235.0,1.25,-0.95,-0.19,3.49
2025-09-16,603273,19.78,20.17,20.18,19.73,31101,62314146.0,2.28,1.97,0.39,5.55
2025-09-17,603273,20.16,20.16,20.31,20.02,23163,46688447.0,1.44,-0.05,-0.01,4.13
2025-09-18,603273,20.19,19.66,20.2,19.4,43282,86075572.0,3.97,-2.48,-0.5,7.72
2025-09-19,603273,19.67,19.35,19.79,19.35,29272,57062581.0,2.24,-1.58,-0.31,5.22
2025-09-22,603273,19.59,19.16,19.59,18.95,23474,44916760.0,3.31,-0.98,-0.19,4.19
2025-09-23,603273,19.2,18.87,19.2,18.35,35644,66678162.0,4.44,-1.51,-0.29,6.36
2025-09-24,603273,18.61,19.05,19.14,18.61,22641,43047103.0,2.81,0.95,0.18,4.04
2025-09-25,603273,19.05,18.88,19.24,18.88,20065,38178326.0,1.89,-0.89,-0.17,3.58
2025-09-26,603273,18.83,18.83,19.14,18.65,18331,34653834.0,2.6,-0.26,-0.05,3.27
2025-09-29,603273,18.8,18.91,19.02,18.51,21597,40708487.0,2.71,0.42,0.08,3.85
2025-09-30,603273,18.98,18.87,19.04,18.85,16842,31845338.0,1.0,-0.21,-0.04,3.0
2025-10-09,603273,19.03,18.91,19.03,18.75,19740,37267999.0,1.48,0.21,0.04,3.52
2025-10-10,603273,18.92,18.85,19.05,18.83,19602,37099490.0,1.16,-0.32,-0.06,3.5
2025-10-13,603273,18.35,18.7,18.77,17.81,23738,43744688.0,5.09,-0.8,-0.15,4.23
2025-10-14,603273,18.86,18.6,19.01,18.58,22815,42842068.0,2.3,-0.53,-0.1,4.07
2025-10-15,603273,18.61,18.79,18.83,18.52,14176,26522478.0,1.67,1.02,0.19,2.53
2025-10-16,603273,18.76,18.4,18.85,18.33,18601,34539651.0,2.77,-2.08,-0.39,3.32
2025-10-17,603273,18.5,18.0,18.52,17.95,17345,31544190.0,3.1,-2.17,-0.4,3.09
2025-10-20,603273,18.18,18.37,18.45,18.11,16192,29653648.0,1.89,2.06,0.37,2.89
2025-10-21,603273,18.37,18.69,18.74,18.34,18295,34006053.0,2.18,1.74,0.32,3.26
2025-10-22,603273,18.69,19.17,19.68,18.59,56533,108625652.0,5.83,2.57,0.48,10.08
2025-10-23,603273,19.0,19.08,19.11,18.77,34217,64798397.0,1.77,-0.47,-0.09,6.1
2025-10-24,603273,19.08,19.16,19.26,19.0,25969,49780484.0,1.36,0.42,0.08,4.63
2025-10-27,603273,19.18,19.42,19.45,19.1,32493,62793000.0,1.83,1.36,0.26,5.8
2025-10-28,603273,19.37,19.29,19.53,19.25,23894,46283625.0,1.44,-0.67,-0.13,4.26
2025-10-29,603273,19.29,19.02,19.3,18.97,20780,39588233.0,1.71,-1.4,-0.27,3.71
2025-10-30,603273,19.03,18.91,19.19,18.88,17817,33850040.0,1.63,-0.58,-0.11,3.18
2025-10-31,603273,18.82,19.04,19.08,18.8,14367,27318959.0,1.48,0.69,0.13,2.56
2025-11-03,603273,19.03,19.24,19.25,19.0,16060,30783860.0,1.31,1.05,0.2,2.86
2025-11-04,603273,19.24,19.25,19.36,19.1,23037,44325638.0,1.35,0.05,0.01,4.11
2025-11-05,603273,19.1,19.39,19.44,19.05,20322,39363161.0,2.03,0.73,0.14,3.63
2025-11-06,603273,19.49,19.33,19.49,19.24,17043,32923002.0,1.29,-0.31,-0.06,3.04
2025-11-07,603273,19.25,19.24,19.34,19.19,14104,27162913.0,0.78,-0.47,-0.09,2.52
2025-11-10,603273,19.24,19.32,19.38,19.14,14986,28938769.0,1.25,0.42,0.08,2.67
2025-11-11,603273,19.32,19.47,19.53,19.31,17933,34867138.0,1.14,0.78,0.15,3.2
2025-11-12,603273,19.47,19.38,19.65,19.28,18891,36697417.0,1.9,-0.46,-0.09,3.37
2025-11-13,603273,19.4,19.4,19.44,19.24,19374,37488489.0,1.03,0.1,0.02,3.46
2025-11-14,603273,19.39,19.62,19.8,19.28,31424,61742669.0,2.68,1.13,0.22,5.61
2025-11-17,603273,19.62,19.61,19.78,19.51,20614,40455790.0,1.38,-0.05,-0.01,3.68
2025-11-18,603273,19.61,19.7,19.8,19.4,25340,49831355.0,2.04,0.46,0.09,4.52
2025-11-19,603273,19.68,19.11,19.79,19.1,29975,57933536.0,3.5,-2.99,-0.59,5.35
2025-11-20,603273,19.22,19.25,19.35,18.9,20888,40010185.0,2.35,0.73,0.14,3.73
2025-11-21,603273,19.16,18.46,19.29,18.21,29442,54893897.0,5.61,-4.1,-0.79,5.25
2025-11-24,603273,18.58,19.0,19.07,18.58,19138,36084607.0,2.65,2.93,0.54,3.41
2025-11-25,603273,19.12,18.98,19.26,18.96,15607,29867214.0,1.58,-0.11,-0.02,2.78
2025-11-26,603273,19.01,18.7,19.29,18.66,20151,38152223.0,3.32,-1.48,-0.28,3.59
2025-11-27,603273,18.6,18.83,18.99,18.59,12224,23006955.0,2.14,0.7,0.13,2.18
2025-11-28,603273,18.83,19.02,19.02,18.7,11986,22621468.0,1.7,1.01,0.19,2.14
2025-12-01,603273,19.12,19.21,19.24,18.94,14170,27148521.0,1.58,1.0,0.19,2.53
2025-12-02,603273,19.2,19.16,19.2,18.98,13105,25029221.0,1.15,-0.26,-0.05,2.34
2025-12-03,603273,19.28,19.2,19.3,18.95,19208,36747781.0,1.83,0.21,0.04,3.43
2025-12-04,603273,19.24,18.88,19.39,18.86,17513,33348178.0,2.76,-1.67,-0.32,3.12
2025-12-05,603273,18.76,19.72,19.77,18.76,68314,133727384.0,5.35,4.45,0.84,12.19
2025-12-08,603273,19.88,19.97,20.21,19.56,58858,117378725.0,3.3,1.27,0.25,10.5
2025-12-09,603273,19.88,19.93,20.36,19.76,41902,83982314.0,3.0,-0.2,-0.04,7.47
2025-12-10,603273,20.22,20.15,20.48,20.02,56494,114251012.0,2.31,1.1,0.22,10.08
2025-12-11,603273,20.06,19.83,20.47,19.83,43339,86995480.0,3.18,-1.59,-0.32,7.73
2025-12-12,603273,19.83,20.17,20.24,19.68,48712,97689967.0,2.82,1.71,0.34,8.69
2025-12-15,603273,20.16,19.49,20.16,19.48,34220,67571875.0,3.37,-3.37,-0.68,6.1
2025-12-16,603273,19.4,19.44,20.0,18.91,41171,79801200.0,5.59,-0.26,-0.05,7.34
2025-12-17,603273,19.68,19.58,20.13,19.03,35526,69369806.0,5.66,0.72,0.14,6.34
2025-12-18,603273,19.77,19.54,19.84,19.41,25243,49520669.0,2.2,-0.2,-0.04,4.5
2025-12-19,603273,19.54,19.64,19.68,19.39,29314,57273928.0,1.48,0.51,0.1,5.23
2025-12-22,603273,19.73,20.04,20.04,19.69,38539,76840250.0,1.78,2.04,0.4,6.87
2025-12-23,603273,20.05,19.63,20.07,19.52,28799,56672952.0,2.74,-2.05,-0.41,5.14
2025-12-24,603273,19.58,20.4,20.4,19.3,71979,144983079.0,5.6,3.92,0.77,12.84
2025-12-25,603273,20.41,20.39,20.5,20.13,54448,110445679.0,1.81,-0.05,-0.01,9.71
2025-12-26,603273,20.35,20.59,20.79,20.19,56583,115914208.0,2.94,0.98,0.2,10.09
2025-12-29,603273,20.66,20.76,20.86,20.41,48612,100393446.0,2.19,0.83,0.17,8.67
2025-12-30,603273,20.63,20.21,20.64,20.15,36942,75240836.0,2.36,-2.65,-0.55,6.59
2025-12-31,603273,20.2,20.99,21.1,20.0,73215,151399408.0,5.44,3.86,0.78,13.06
2026-01-05,603273,20.98,20.96,21.0,20.63,46300,96239125.0,1.76,-0.14,-0.03,8.26
2026-01-06,603273,20.86,20.93,21.32,20.75,44654,93294400.0,2.72,-0.14,-0.03,7.97
2026-01-07,603273,20.8,20.46,20.89,20.42,33625,69372744.0,2.25,-2.25,-0.47,6.0
2026-01-08,603273,20.32,20.46,20.72,20.32,26695,54819678.0,1.96,0.0,0.0,4.76
2026-01-09,603273,20.4,20.44,20.68,20.24,30980,63255812.0,2.15,-0.1,-0.02,5.53
2026-01-12,603273,20.44,20.67,20.69,20.34,30580,62836999.0,1.71,1.13,0.23,5.45
2026-01-13,603273,20.6,19.96,20.67,19.96,35449,72118947.0,3.43,-3.43,-0.71,6.32
2026-01-14,603273,19.96,20.54,20.67,19.96,48136,98147019.0,3.56,2.91,0.58,8.59
2026-01-15,603273,20.54,20.5,20.67,20.23,26626,54474733.0,2.14,-0.19,-0.04,4.75
2026-01-16,603273,20.51,20.7,20.95,20.51,36647,75944247.0,2.15,0.98,0.2,6.54
2026-01-19,603273,18.63,18.63,18.85,18.63,34942,65120691.0,1.06,-10.0,-2.07,6.23
2026-01-20,603273,18.16,18.49,18.74,18.16,76838,141202769.0,3.11,-0.75,-0.14,13.71
2026-01-21,603273,18.22,18.88,19.24,18.22,50048,93911715.0,5.52,2.11,0.39,8.93
2026-01-22,603273,19.0,19.2,19.58,18.89,37897,72871968.0,3.65,1.69,0.32,6.76
2026-01-23,603273,19.29,19.25,19.36,19.02,30032,57600148.0,1.77,0.26,0.05,5.36
